dist,C2',C3'
-3,0,0
-2.99,0,0
-2.98,0,0
-2.97,0,0
-2.96,0,0
-2.95,0,0
-2.94,0,0
-2.93,0,0
-2.92,0,0
-2.91,0,0
-2.9,0,0
-2.89,0,0
-2.88,0,0
-2.87,0,0
-2.86,0,0
-2.85,0,0
-2.84,0,0
-2.83,0,0
-2.82,0,0
-2.81,0,0
-2.8,0,0
-2.79,0,0
-2.78,0,0
-2.77,0,0
-2.76,0,0
-2.75,0,0
-2.74,0,0
-2.73,0,0
-2.72,0,0
-2.71,0,0
-2.7,0,0
-2.69,0,0
-2.68,0,0
-2.67,0,0
-2.66,0,0
-2.65,0,0
-2.64,0,0
-2.63,0,0
-2.62,0,0
-2.61,0,0
-2.6,0,0
-2.59,0,0
-2.58,0,0
-2.57,0,0
-2.56,0,0
-2.55,0,0
-2.54,0,0
-2.53,0,0
-2.52,0,0
-2.51,0,0
-2.5,0,0
-2.49,0,0
-2.48,0,0
-2.47,0,0
-2.46,0,0
-2.45,0,0
-2.44,0,0
-2.43,0,0
-2.42,0,0
-2.41,0,0
-2.4,0,0
-2.39,0,0
-2.38,0,0
-2.37,2.54438806841929e-039,0
-2.36,5.182224527529e-039,0
-2.35,1.05242082903787e-038,0
-2.34,2.13106709896543e-038,0
-2.33,4.30271103704294e-038,0
-2.32,9.08024028781524e-038,0
-2.31,1.8237573290905e-037,0
-2.3,3.65238422639647e-037,0
-2.29,7.33299172490321e-037,0
-2.28,1.46022411852612e-036,0
-2.27,2.8993364761757e-036,0
-2.26,5.74008800425352e-036,0
-2.25,1.1331291297685e-035,0
-2.24,2.23039219349842e-035,0
-2.23,4.37747839953044e-035,0
-2.22,8.56658842111642e-035,0
-2.21,1.67160221365411e-034,0
-2.2,3.25239588158601e-034,0
-2.19,6.30973500604237e-034,0
-2.18,1.2205678551851e-033,0
-2.17,2.35425161682307e-033,0
-2.16,4.52777501796904e-033,0
-2.15,8.68277138993356e-033,0
-2.14,1.66025000093896e-032,0
-2.13,3.16541233019653e-032,0
-2.12,6.01776818037643e-032,0
-2.11,1.14071123788259e-031,0
-2.1,2.15604495360308e-031,0
-2.09,4.06332803110322e-031,0
-2.08,7.63568498570979e-031,0
-2.07,1.43072492531802e-030,0
-2.06,2.67304631806365e-030,0
-2.05,4.97965249076129e-030,0
-2.04,9.24983376741148e-030,0
-2.03,1.71321218573588e-029,0
-2.02,3.16395924050378e-029,0
-2.01,5.82630340660771e-029,0
-2,1.06978872285962e-028,0
-1.99,1.95859925329263e-028,0
-1.98,3.57549327509728e-028,0
-1.97,6.50832443149944e-028,0
-1.96,1.18125959803669e-027,0
-1.95,2.13778763087368e-027,0
-1.94,3.85768621204223e-027,0
-1.93,6.94117477908804e-027,0
-1.92,1.24532255688952e-026,0
-1.91,2.22778926458841e-026,0
-1.9,3.97383565735152e-026,0
-1.89,7.06788124790609e-026,0
-1.88,1.25346497269352e-025,0
-1.87,2.21655616263197e-025,0
-1.86,3.90831324034242e-025,0
-1.85,6.87137981746054e-025,0
-1.84,1.20459918113483e-024,0
-1.83,2.1056460664472e-024,0
-1.82,3.67005387696135e-024,0
-1.81,6.37832617169453e-024,0
-1.8,1.10530622534927e-023,0
-1.79,1.9098669614199e-023,0
-1.78,3.29054835713327e-023,0
-1.77,5.65299049967698e-023,0
-1.76,9.6835149983678e-023,0
-1.75,1.65399039737173e-022,0
-1.74,2.81694227049401e-022,0
-1.73,4.78374744500433e-022,0
-1.72,8.10035194094592e-022,0
-1.71,1.36768175054534e-021,0
-1.7,2.30256426768897e-021,0
-1.69,3.86530877760624e-021,0
-1.68,6.47001409262407e-021,0
-1.67,1.07986506420108e-020,0
-1.66,1.79713162948043e-020,0
-1.65,2.98219839640306e-020,0
-1.64,4.93445902559728e-020,0
-1.63,8.14121110891435e-020,0
-1.62,1.33932250947882e-019,0
-1.61,2.19699015597719e-019,0
-1.6,3.59350212355034e-019,0
-1.59,5.86077212930945e-019,0
-1.58,9.5310097303348e-019,0
-1.57,1.54550487687954e-018,0
-1.56,2.49891676642576e-018,0
-1.55,4.02882494606046e-018,0
-1.54,6.4766852299473e-018,0
-1.53,1.03818594957306e-017,0
-1.52,1.6593789027018e-017,0
-1.51,2.64462645112432e-017,0
-1.5,4.20273032270881e-017,0
-1.49,6.6595861130391e-017,0
-1.48,1.05223270060151e-016,0
-1.47,1.6577739737901e-016,0
-1.46,2.60428167627656e-016,0
-1.45,4.07943349375406e-016,2.22711587921611e-039
-1.44,6.37178575808357e-016,4.53800138062956e-039
-1.43,9.92372154300114e-016,9.22147575873607e-039
-1.42,1.54111630818994e-015,1.86825525353947e-038
-1.41,2.38641664955064e-015,3.7741617152572e-038
-1.4,3.68474493945377e-015,7.60218878296365e-038
-1.39,5.6730815147833e-015,1.52683776693899e-037
-1.38,8.7092588322386e-015,3.0576251776776e-037
-1.37,1.33319665528674e-014,6.10536010289787e-037
-1.36,2.03497124479004e-014,1.21555633045779e-036
-1.35,3.09723119818351e-014,2.4131019623302e-036
-1.34,4.70046026298902e-014,4.77653419433798e-036
-1.33,7.11309876559769e-014,9.42728676232094e-036
-1.32,1.073319899755e-013,1.85522740301638e-035
-1.31,1.61493079109051e-013,3.64035964167462e-035
-1.3,2.42286225804467e-013,7.12254067682302e-035
-1.29,3.62456809357981e-013,1.38946749824493e-034
-1.28,5.40675414596042e-013,2.7027898244392e-034
-1.27,8.04211189829596e-013,5.24202568117331e-034
-1.26,1.19277070859125e-012,1.01376267486746e-033
-1.25,1.76399519991044e-012,1.95477326967855e-033
-1.24,2.60130784100754e-012,3.75843233245509e-033
-1.23,3.82507740759319e-012,7.20510299192096e-033
-1.22,5.60845510658159e-012,1.37728485387223e-032
-1.21,8.19975597837752e-012,2.62500789589117e-032
-1.2,1.1954009830617e-011,4.98870045885867e-032
-1.19,1.73772714967546e-011,9.45295528859233e-032
-1.18,2.51887850855059e-011,1.78606645269165e-031
-1.17,3.64071515990272e-011,3.36478722174289e-031
-1.16,5.24713952843037e-011,6.32054190600982e-031
-1.15,7.54075829556555e-011,1.18382540842498e-030
-1.14,1.08059859671439e-010,2.21084175124123e-030
-1.13,1.54408458241662e-010,4.11684264652327e-030
-1.12,2.20006415863061e-010,7.64376768486605e-030
-1.11,3.12577463912334e-010,1.41510079983627e-029
-1.1,4.42831271652011e-010,2.61218512626169e-029
-1.09,6.25572649237682e-010,4.80791859655814e-029
-1.08,8.81203832125976e-010,8.82362216052649e-029
-1.07,1.23775500959766e-009,1.61463129486123e-028
-1.06,1.73362280087019e-009,2.94602522096867e-028
-1.05,2.42121500626524e-009,5.35972340530871e-028
-1.04,3.37188588162007e-009,9.72237939689854e-028
-1.03,4.68245797691225e-009,1.75853774327082e-027
-1.02,6.48390718893666e-009,3.1714309579454e-027
-1.01,8.95286511592985e-009,5.70305566241372e-027
-1,1.23267955842721e-008,1.02254985503626e-026
-0.99,1.69239466885074e-008,1.82812998921609e-026
-0.98,2.31695231889262e-008,3.25884171514314e-026
-0.97,3.16298454094976e-008,5.79236773617116e-026
-0.96,4.30569926379576e-008,1.02657002579473e-025
-0.95,5.84459662889003e-008,1.81407279603384e-025
-0.94,7.91100660535449e-008,3.19637317591337e-025
-0.93,1.06776553820964e-007,5.61560890573345e-025
-0.92,1.4371025258697e-007,9.83723156661217e-025
-0.91,1.9287128338874e-007,1.71824673108493e-024
-0.9,2.58117495377519e-007,2.99250499255633e-024
-0.89,3.44458442214091e-007,5.1966188465607e-024
-0.88,4.58381180123979e-007,8.99794785562079e-024
-0.87,6.08258744705381e-007,1.55346938631627e-023
-0.86,8.04863361736352e-007,2.67422900236837e-023
-0.85,1.06201184735255e-006,4.59019448967435e-023
-0.84,1.3973701697978e-006,7.85597797863783e-023
-0.83,1.83344513970951e-006,1.34062101946233e-022
-0.82,2.39883638641913e-006,2.28112194281246e-022
-0.81,3.12975544147776e-006,3.87014781448194e-022
-0.8,4.07191373597016e-006,6.54701438906413e-022
-0.79,5.282824531605e-006,1.10432186262363e-021
-0.78,6.83462849337957e-006,1.85732279192398e-021
-0.77,8.81749110703822e-006,3.11467690488936e-021
-0.76,1.13437945401529e-005,5.20805151735925e-021
-0.75,1.45531212183414e-005,8.68308775779246e-021
-0.74,1.86182951438241e-005,1.44347653625578e-020
-0.73,2.37525964621454e-005,2.39266515824938e-020
-0.72,3.02183798339684e-005,3.95449298402688e-020
-0.71,3.83373917429708e-005,6.51686620028631e-020
-0.7,4.85026612295769e-005,1.07083099175404e-019
-0.69,6.11931245657615e-005,1.7544446508522e-019
-0.68,7.69902544561774e-005,2.86612447081701e-019
-0.67,9.65976360021159e-005,4.66860479230987e-019
-0.66,0.000120864096970763,7.58255891409623e-019
-0.65,0.000150810141349211,1.22795117029862e-018
-0.64,0.000187658180948347,1.98281872312407e-018
-0.63,0.000232868667808361,3.19243181623027e-018
-0.62,0.000288179900962859,5.12503488590809e-018
-0.61,0.000355654250597581,8.20368035746102e-018
-0.6,0.00043773022480309,1.30935436593172e-017
-0.59,0.000537282729055732,2.08373446834233e-017
-0.58,0.000657686206977814,3.30646656324556e-017
-0.57,0.000802893016953021,5.23145613848834e-017
-0.56,0.000977513962425292,8.25311118194209e-017
-0.55,0.00118691113311797,1.29822331075723e-016
-0.54,0.0014372980222106,2.03618753116274e-016
-0.53,0.0017358532641083,3.18438145462653e-016
-0.52,0.00209083547815681,4.96554218844757e-016
-0.51,0.00251172389835119,7.72049196779936e-016
-0.5,0.00300935539416969,1.19690562359008e-015
-0.49,0.00359607674181461,1.85016919624812e-015
-0.48,0.00428591715171933,2.85167257747787e-015
-0.47,0.00509473634883761,4.38252559920417e-015
-0.46,0.00604043900966644,6.71561728956042e-015
-0.45,0.00714314868673682,1.0260918159523e-014
-0.44,0.0084254052489996,1.56322319048692e-014
-0.43,0.00991237536072731,2.37461045022192e-014
-0.42,0.011632077395916,3.59666859012578e-014
-0.41,0.0136155439540744,5.43181663114223e-014
-0.4,0.0158971082419157,8.17949291740012e-014
-0.39,0.0185145828872919,1.22813014640823e-013
-0.38,0.0215094573795795,1.83864940416986e-013
-0.37,0.0249271430075169,2.74467026797204e-013
-0.36,0.0288171656429768,4.08524478351727e-013
-0.35,0.0332333520054817,6.0629311900845e-013
-0.34,0.0382339991629124,8.97188736064675e-013
-0.33,0.0438820458948612,1.32379773375851e-012
-0.32,0.0502452775835991,1.94758358745828e-012
-0.31,0.0573963634669781,2.85698006051438e-012
-0.3,0.0654131025075912,4.17883262715524e-012
-0.29,0.0743784010410309,6.09454587491287e-012
-0.28,0.0843802988529205,8.86262417620909e-012
-0.27,0.0955122411251068,1.2850501045214e-011
-0.26,0.107872940599918,1.85786594442128e-011
-0.25,0.121566295623779,2.67821459454254e-011
-0.24,0.136701479554176,3.84957690724441e-011
-0.23,0.153392970561981,5.51718115637811e-011
-0.22,0.171760484576225,7.88421064545908e-011
-0.21,0.191928535699844,1.12340359237351e-010
-0.2,0.214026778936386,1.59606300398352e-010
-0.19,0.238189727067947,2.26101110056831e-010
-0.18,0.264556467533112,3.19367143841731e-010
-0.17,0.293270915746689,4.49794812507065e-010
-0.16,0.324481099843979,6.31648289228792e-010
-0.15,0.358339428901672,8.84449069538107e-010
-0.14,0.395002782344818,1.23482957192778e-009
-0.13,0.434631198644638,1.71900771395173e-009
-0.12,0.477389186620712,2.38608199865098e-009
-0.11,0.523444592952728,3.30239879886562e-009
-0.1,0.572968602180481,4.55732962478805e-009
-0.0899999999999999,0.626136243343353,6.27087226590106e-009
-0.0800000000000001,0.683125197887421,8.60363780219586e-009
-0.0699999999999998,0.744116365909576,1.17699077151201e-008
-0.0600000000000001,0.80929309129715,1.60547006800016e-008
-0.0499999999999998,0.878842055797577,2.18356692727184e-008
-0.04,0.952952086925507,2.96119821996399e-008
-0.0299999999999998,1.03181445598602,4.00410193890366e-008
-0.02,1.1156222820282,5.39857936132648e-008
-0.00999999999999979,1.20457124710083,7.25755882058365e-008
0,1.29885745048523,9.72833262835593e-008
0.0100000000000002,1.3986804485321,1.30023835254178e-007
0.02,1.50423884391785,1.7327832324554e-007
0.0300000000000002,1.6157329082489,2.30251387733915e-007
0.04,1.73336565494537,3.05068766692784e-007
0.0500000000000003,1.85733473300934,4.03022511363815e-007
0.0600000000000001,1.98784101009369,5.30881607119227e-007
0.0700000000000003,2.12508630752563,6.97272923844139e-007
0.0800000000000001,2.26926755905151,9.13155531634402e-007
0.0899999999999999,2.420578956604,1.19240610274574e-006
0.1,2.57921743392944,1.55252951117291e-006
0.11,2.74537062644959,2.01554416889849e-006
0.12,2.91922283172607,2.60904585047683e-006
0.13,3.10095643997192,3.36750281348941e-006
0.14,3.29074668884277,4.33382319897646e-006
0.15,3.48875761032104,5.56123723072233e-006
0.16,3.69515180587769,7.11555185262114e-006
0.17,3.9100775718689,9.07785943127237e-006
0.18,4.13367176055908,1.15476805149228e-005
0.19,4.36606693267822,1.46468155435286e-005
0.2,4.60737133026123,1.85237440746278e-005
0.21,4.85768699645996,2.33588561968645e-005
0.22,5.11709499359131,2.93705579679227e-005
0.23,5.38565731048584,3.68221917597111e-005
0.24,5.66341590881348,4.60303672298323e-005
0.25,5.9503960609436,5.73742036067415e-005
0.26,6.24659252166748,7.13060653652065e-005
0.27,6.55197286605835,8.83637112565339e-005
0.28,6.8664755821228,0.000109184031316545
0.29,7.19002151489258,0.000134518544655293
0.3,7.52247714996338,0.000165250850841403
0.31,7.86369180679321,0.00020241507445462
0.32,8.21346855163574,0.000247218005824834
0.33,8.57158088684082,0.000301062274957076
0.34,8.93774318695068,0.000365570012945682
0.35,9.31164646148682,0.000442612450569868
0.36,9.69293785095215,0.00053433736320585
0.37,10.0812015533447,0.000643201055936515
0.38,10.4760046005249,0.00077200005762279
0.39,10.8768444061279,0.000923905521631241
0.4,11.2832012176514,0.0011024980340153
0.41,11.6944780349731,0.00131180253811181
0.42,12.110068321228,0.00155632314272225
0.43,12.5293045043945,0.00184107979293913
0.44,12.9514865875244,0.00217163353227079
0.45,13.3758983612061,0.00255412701517344
0.46,13.8017578125,0.00299530732445419
0.47,14.2282943725586,0.00350253912620246
0.48,14.6546812057495,0.00408383691683412
0.49,15.0801057815552,0.00474786292761564
0.5,15.5037050247192,0.00550393387675285
0.51,15.9246444702148,0.00636200979351997
0.52,16.3420886993408,0.00733267655596137
0.53,16.7551651000977,0.00842711143195629
0.54,17.1630706787109,0.0096570486202836
0.55,17.5649738311768,0.0110346907749772
0.56,17.9600715637207,0.0125726759433746
0.57,18.3476066589355,0.0142839550971985
0.58,18.72682762146,0.0161817017942667
0.59,19.0970497131348,0.0182791762053967
0.6,19.457576751709,0.0205896068364382
0.61,19.8078098297119,0.0231259725987911
0.62,20.1471748352051,0.0259009264409542
0.63,20.475133895874,0.0289265457540751
0.64,20.7911720275879,0.0322141461074352
0.65,21.094913482666,0.0357741005718708
0.66,21.3859214782715,0.0396156385540962
0.67,21.6639060974121,0.0437465347349644
0.68,21.9285545349121,0.0481730662286282
0.69,22.1796417236328,0.0528996996581554
0.7,22.4169635772705,0.0579289272427559
0.71,22.6403884887695,0.063261091709137
0.72,22.849817276001,0.0688942894339561
0.73,23.0451946258545,0.0748240724205971
0.74,23.2265014648438,0.0810435712337494
0.75,23.3937721252441,0.0875433534383774
0.76,23.547046661377,0.0943113267421722
0.77,23.686450958252,0.101332880556583
0.78,23.8121318817139,0.108590863645077
0.79,23.9242515563965,0.116065800189972
0.8,24.0230083465576,0.123735889792442
0.81,24.1087017059326,0.131577432155609
0.82,24.1815795898438,0.139564961194992
0.83,24.2419700622559,0.147671610116959
0.84,24.2902183532715,0.15586943924427
0.85,24.3267459869385,0.164129808545113
0.86,24.3519744873047,0.172423750162125
0.87,24.3663520812988,0.180722564458847
0.88,24.3703708648682,0.188998103141785
0.89,24.3645820617676,0.197223350405693
0.9,24.3495292663574,0.205372780561447
0.91,24.3257904052734,0.213422864675522
0.92,24.2939739227295,0.221352338790894
0.93,24.2547187805176,0.229142740368843
0.94,24.2086696624756,0.236778616905212
0.95,24.1564445495605,0.244247913360596
0.96,24.0987586975098,0.251541942358017
0.97,24.0362548828125,0.258655726909637
0.98,23.9695663452148,0.265587866306305
0.99,23.8993492126465,0.272340595722198
1,23.8262214660645,0.278919667005539
1.01,23.7507762908936,0.28533399105072
1.02,23.6735706329346,0.29159551858902
1.03,23.595157623291,0.297718733549118
1.04,23.5159702301025,0.30372017621994
1.05,23.4364166259766,0.30961799621582
1.06,23.3569507598877,0.315431326627731
1.07,23.2777786254883,0.321179807186127
1.08,23.1992073059082,0.326882481575012
1.09,23.1213836669922,0.332557767629623
1.1,23.0444297790527,0.338222235441208
1.11,22.9683742523193,0.343890249729156
1.12,22.8931770324707,0.349573343992233
1.13,22.8187618255615,0.355279564857483
1.14,22.7449359893799,0.361012905836105
1.15,22.6714935302734,0.366773128509521
1.16,22.5981483459473,0.372555047273636
1.17,22.5245628356934,0.378348678350449
1.18,22.4503326416016,0.384138762950897
1.19,22.375057220459,0.389905244112015
1.2,22.2982788085938,0.395622670650482
1.21,22.2194919586182,0.401261001825333
1.22,22.1382217407227,0.406785875558853
1.23,22.05393409729,0.412158727645874
1.24,21.9661102294922,0.417337745428085
1.25,21.8742408752441,0.422278314828873
1.26,21.7778129577637,0.426933825016022
1.27,21.6763534545898,0.431256383657455
1.28,21.5693855285645,0.435198068618774
1.29,21.4565010070801,0.438711315393448
1.3,21.3372840881348,0.441750198602676
1.31,21.2113838195801,0.444271177053452
1.32,21.0784950256348,0.446234315633774
1.33,20.9383811950684,0.447603762149811
1.34,20.7908191680908,0.44834890961647
1.35,20.6356620788574,0.448444902896881
1.36,20.472827911377,0.447873651981354
1.37,20.3022594451904,0.446623980998993
1.38,20.1240081787109,0.444692552089691
1.39,19.9381427764893,0.442083925008774
1.4,19.7447834014893,0.438810884952545
1.41,19.5441570281982,0.434894233942032
1.42,19.3364791870117,0.430363357067108
1.43,19.1220474243164,0.425255626440048
1.44,18.9012012481689,0.41961607336998
1.45,18.67431640625,0.413497149944305
1.46,18.4418277740479,0.406958103179932
1.47,18.2041511535645,0.400064140558243
1.48,17.9617919921875,0.392885982990265
1.49,17.7152500152588,0.385498613119125
1.5,17.4650115966797,0.377980828285217
1.51,17.2116394042969,0.370413899421692
1.52,16.9556770324707,0.362880498170853
1.53,16.6976509094238,0.355464041233063
1.54,16.4380989074707,0.348247200250626
1.55,16.1775646209717,0.341311097145081
1.56,15.9165754318237,0.334734201431274
1.57,15.655632019043,0.328591287136078
1.58,15.3952388763428,0.322952806949615
1.59,15.1358613967896,0.317883253097534
1.6,14.8779525756836,0.31344136595726
1.61,14.6219282150269,0.30967852473259
1.62,14.3681869506836,0.306638777256012
1.63,14.1171131134033,0.304357945919037
1.64,13.869026184082,0.302863538265228
1.65,13.6242599487305,0.302174150943756
1.66,13.3831005096436,0.302299678325653
1.67,13.1458005905151,0.303240805864334
1.68,12.9126071929932,0.304989546537399
1.69,12.6837091445923,0.307529360055923
1.7,12.4593276977539,0.310834974050522
1.71,12.2396183013916,0.314873516559601
1.72,12.024715423584,0.319604486227036
1.73,11.8147716522217,0.324980646371841
1.74,11.6098871231079,0.330948352813721
1.75,11.4101686477661,0.337448805570602
1.76,11.2156963348389,0.344418406486511
1.77,11.0265531539917,0.351789891719818
1.78,10.8427782058716,0.359492719173431
1.79,10.6644315719604,0.367454618215561
1.8,10.4915399551392,0.375602006912231
1.81,10.3241128921509,0.383861005306244
1.82,10.1621532440186,0.392158567905426
1.83,10.0056390762329,0.400422424077988
1.84,9.85452651977539,0.408583015203476
1.85,9.70876312255859,0.416573524475098
1.86,9.5682487487793,0.424330711364746
1.87,9.43287563323975,0.431795418262482
1.88,9.30251121520996,0.438913345336914
1.89,9.17697334289551,0.44563490152359
1.9,9.05605506896973,0.451916605234146
1.91,8.93952751159668,0.457719892263412
1.92,8.82711219787598,0.463012874126434
1.93,8.71849918365479,0.467769235372543
1.94,8.61334419250488,0.471968799829483
1.95,8.5112829208374,0.475597202777863
1.96,8.41189956665039,0.478646129369736
1.97,8.31475734710693,0.481112867593765
1.98,8.21939659118652,0.482999950647354
1.99,8.12532806396484,0.484315246343613
2,8.03205394744873,0.485071331262589
2.01,7.93905258178711,0.485285133123398
2.02,7.84580087661743,0.484977871179581
2.03,7.75177621841431,0.484174340963364
2.04,7.65646266937256,0.482902824878693
2.05,7.55935144424438,0.481194496154785
2.06,7.45995807647705,0.479083240032196
2.07,7.35782241821289,0.476605594158173
2.08,7.25250911712646,0.473799794912338
2.09,7.14363622665405,0.470706164836884
2.1,7.03086090087891,0.46736678481102
2.11,6.91388702392578,0.463825047016144
2.12,6.79247188568115,0.460125684738159
2.13,6.66643810272217,0.456314742565155
2.14,6.53566980361938,0.452439486980438
2.15,6.40010690689087,0.448548138141632
2.16,6.25976657867432,0.444689840078354
2.17,6.11471557617188,0.440914869308472
2.18,5.96510028839111,0.437274307012558
2.19,5.81112146377563,0.433820009231567
2.2,5.65304040908813,0.430604636669159
2.21,5.49117612838745,0.427681356668472
2.22,5.32590007781982,0.425103753805161
2.23,5.15762662887573,0.422925710678101
2.24,4.98681688308716,0.421200931072235
2.25,4.81396293640137,0.419982820749283
2.26,4.63958644866943,0.419323921203613
2.27,4.46422672271729,0.419275671243668
2.28,4.28844356536865,0.419887840747833
2.29,4.11279916763306,0.421207845211029
2.3,3.9378547668457,0.423280626535416
2.31,3.76416707038879,0.426147222518921
2.32,3.59228086471558,0.429844915866852
2.33,3.42272233963013,0.434406101703644
2.34,3.25598573684692,0.439857661724091
2.35,3.09254360198975,0.446220457553864
2.36,2.9328293800354,0.45350843667984
2.37,2.77724313735962,0.461728096008301
2.38,2.62613677978516,0.470878213644028
2.39,2.47982978820801,0.480948507785797
2.4,2.33858823776245,0.491920053958893
2.41,2.20263624191284,0.503764688968658
2.42,2.07215070724487,0.516444623470306
2.43,1.94726300239563,0.529912531375885
2.44,1.82806205749512,0.544111371040344
2.45,1.71459138393402,0.558974623680115
2.46,1.60685575008392,0.574427008628845
2.47,1.50482106208801,0.59038382768631
2.48,1.40841698646545,0.606752574443817
2.49,1.31754159927368,0.623433768749237
2.5,1.23206305503845,0.640320777893066
2.51,1.15182387828827,0.657301664352417
2.52,1.07664525508881,0.674260318279266
2.53,1.00632846355438,0.691077351570129
2.54,0.940660297870636,0.707631349563599
2.55,0.879415988922119,0.723800778388977
2.56,0.822362422943115,0.739464819431305
2.57,0.769261062145233,0.754505515098572
2.58,0.719870865345001,0.768808782100677
2.59,0.673951745033264,0.78226625919342
2.6,0.631266355514526,0.794776082038879
2.61,0.591582655906677,0.806245446205139
2.62,0.554675459861755,0.816590666770935
2.63,0.520327508449554,0.825739860534668
2.64,0.488334119319916,0.833631694316864
2.65,0.458499491214752,0.840219378471375
2.66,0.430640071630478,0.845468699932098
2.67,0.404585361480713,0.849360466003418
2.68,0.38017749786377,0.851889610290527
2.69,0.357271730899811,0.853066265583038
2.7,0.335736095905304,0.852915585041046
2.71,0.315451443195343,0.851476788520813
2.72,0.296310603618622,0.848803699016571
2.73,0.278218299150467,0.844963848590851
2.74,0.261090099811554,0.840036749839783
2.75,0.244852021336555,0.834114849567413
2.76,0.229439467191696,0.827299773693085
2.77,0.214796423912048,0.819703698158264
2.78,0.200874835252762,0.811445415019989
2.79,0.18763330578804,0.802650809288025
2.8,0.175036653876305,0.793450355529785
2.81,0.163054794073105,0.783977389335632
2.82,0.151662021875381,0.774366557598114
2.83,0.140836343169212,0.764752686023712
2.84,0.130558609962463,0.755268216133118
2.85,0.120811998844147,0.746042966842651
2.86,0.111581429839134,0.73720109462738
2.87,0.102852985262871,0.728861212730408
2.88,0.0946133881807327,0.721134305000305
2.89,0.0868502780795097,0.714123010635376
2.9,0.0795508176088333,0.707920610904694
2.91,0.0727022364735603,0.702609896659851
2.92,0.0662914142012596,0.698263466358185
2.93,0.0603048093616962,0.694942355155945
2.94,0.0547282882034779,0.692696511745453
2.95,0.0495471805334091,0.691563963890076
2.96,0.044746246188879,0.691571712493896
2.97,0.0403096899390221,0.692735314369202
2.98,0.0362212546169758,0.695058941841125
2.99,0.0324642732739449,0.698537230491638
3,0.0290217995643616,0.70315420627594
3.01,0.0258766673505306,0.708884477615356
3.02,0.0230116657912731,0.715694308280945
3.03,0.0204095803201199,0.72354257106781
3.04,0.0180533546954393,0.732379794120789
3.05,0.0159261934459209,0.742151498794556
3.06,0.0140116484835744,0.75279700756073
3.07,0.0122937113046646,0.764251589775085
3.08,0.0107569061219692,0.776446282863617
3.09,0.00938635226339102,0.789309144020081
3.1,0.00816782284528017,0.802766621112823
3.11,0.00708779459819198,0.816742777824402
3.12,0.00613347953185439,0.831161797046661
3.13,0.00529283564537764,0.845947444438934
3.14,0.00455464702099562,0.86102283000946
3.15,0.00390841905027628,0.876314163208008
3.16,0.00334444874897599,0.891748607158661
3.17,0.00285378959961236,0.907255053520203
3.18,0.00242823618464172,0.922765612602234
3.19,0.002060292288661,0.938215851783752
3.2,0.00174314505420625,0.953544735908508
3.21,0.00147062796168029,0.968695640563965
3.22,0.00123718590475619,0.983615517616272
3.23,0.00103783397935331,0.998257637023926
3.24,0.000868120812810957,1.01258015632629
3.25,0.000724085839465261,1.02654671669006
3.26,0.000602221523877233,1.04012656211853
3.27,0.000499433255754411,1.05329668521881
3.28,0.000413002155255526,1.06603872776031
3.29,0.000340549100656062,1.07834219932556
3.3,0.000280000473139808,1.09020388126373
3.31,0.000229555807891302,1.10162746906281
3.32,0.000187658137292601,1.11262392997742
3.33,0.0001529661094537,1.12321174144745
3.34,0.000124328609672375,1.1334171295166
3.35,0.000100761382782366,1.1432740688324
3.36,8.14261002233252e-005,1.15282320976257
3.37,6.56113625154831e-005,1.16211366653442
3.38,5.27154006704222e-005,1.17120265960693
3.39,4.22321245423518e-005,1.18015432357788
3.4,3.37359160766937e-005,1.18903851509094
3.41,2.68711264652666e-005,1.19793546199799
3.42,2.13413750316249e-005,1.20693206787109
3.43,1.69005888892571e-005,1.21611952781677
3.44,1.33451558212982e-005,1.22559940814972
3.45,1.05072131191264e-005,1.2354793548584
3.46,8.24884500616463e-006,1.24587416648865
3.47,6.45713862468256e-006,1.25690639019012
3.48,5.0399739848217e-006,1.26870656013489
3.49,3.9224482861755e-006,1.28140997886658
3.5,3.04387435789977e-006,1.29516351222992
3.51,2.35524703384726e-006,1.3101212978363
3.52,1.81713153324381e-006,1.32644498348236
3.53,1.39789983677474e-006,1.34430980682373
3.54,1.07227310763847e-006,1.36389374732971
3.55,8.20113996269356e-007,1.3853907585144
3.56,6.25435291112808e-007,1.40900731086731
3.57,4.75586659831606e-007,1.43495976924896
3.58,3.60591769776875e-007,1.46348035335541
3.59,2.72609440798988e-007,1.49481022357941
3.6,2.05496576199948e-007,1.52921986579895
3.61,1.54456728296282e-007,1.56698167324066
3.62,1.15757089247381e-007,1.60839939117432
3.63,8.6501501073144e-008,1.65378856658936
3.64,6.44526636506271e-008,1.70348966121674
3.65,4.78846402529598e-008,1.75787794589996
3.66,3.54723184159411e-008,1.81734240055084
3.67,2.62011834450959e-008,1.88230538368225
3.68,1.92970155410421e-008,1.95322203636169
3.69,1.41708911272076e-008,2.03058862686157
3.7,1.0376284720337e-008,2.11492848396301
3.71,7.575725824438e-009,2.20681929588318
3.72,5.51498313683396e-009,2.30688452720642
3.73,4.00314847937011e-009,2.41578817367554
3.74,2.89732127178866e-009,2.53427910804749
3.75,2.09087991365209e-009,2.66314101219177
3.76,1.50452295066827e-009,2.80325937271118
3.77,1.07945830052358e-009,2.95558023452759
3.78,7.72236385948588e-010,3.12115526199341
3.79,5.50848144875715e-010,3.30112600326538
3.8,3.91787657871845e-010,3.49676823616028
3.81,2.77847689300614e-010,3.70946955680847
3.82,1.96471658386876e-010,3.94078707695007
3.83,1.38525663162525e-010,4.19240522384644
3.84,9.73862310238438e-011,4.46621799468994
3.85,6.82656084438626e-011,4.76432180404663
3.86,4.77137392096427e-011,5.08902454376221
3.87,3.32523140966767e-011,5.44289112091064
3.88,2.31064663930303e-011,5.8288049697876
3.89,1.60098011237064e-011,6.2498722076416
3.9,1.10605118813778e-011,6.70961999893188
3.91,7.61906076424124e-012,7.2119255065918
3.92,5.23316719819311e-012,7.76106405258179
3.93,3.58397231163543e-012,8.36176872253418
3.94,2.44738083965412e-012,9.01926517486572
3.95,1.66638491200244e-012,9.73930549621582
3.96,1.13132127364107e-012,10.5282144546509
3.97,7.65831842386433e-013,11.3929386138916
3.98,5.16913226632221e-013,12.3410444259644
3.99,3.47887463194446e-013,13.3808212280273
4,2.33451495981751e-013,14.5213317871094
4.01,1.56202213164904e-013,15.7723846435547
4.02,1.04213221439973e-013,17.1445045471191
4.03,6.93245103249723e-014,18.6493511199951
4.04,4.59828674431988e-014,20.2990379333496
4.05,3.04112000881242e-014,22.1070747375488
4.06,2.00547061189648e-014,24.087345123291
4.07,1.31864301989031e-014,26.2552089691162
4.08,8.64536967812605e-015,28.626392364502
4.09,5.65155374891236e-015,31.218053817749
4.1,3.68381447376121e-015,34.0477104187012
4.11,2.39417250673217e-015,37.1342315673828
4.12,1.5515251784414e-015,40.496654510498
4.13,1.00251272686552e-015,44.1555709838867
4.14,6.45902168132129e-016,48.1311798095703
4.15,4.14926447811248e-016,52.4450073242188
4.16,2.65779483560392e-016,57.1181716918945
4.17,1.69745865850905e-016,62.1730155944824
4.18,1.08099317492994e-016,67.6308059692383
4.19,6.86394869343196e-017,73.5135192871094
4.2,4.3458150324515e-017,79.8417510986328
4.21,2.74344095079154e-017,86.6367645263672
4.22,1.72689603127634e-017,93.9174499511719
4.23,1.08383680680894e-017,101.703056335449
4.24,6.78278300203224e-018,110.009201049805
4.25,4.23232419804799e-018,118.852035522461
4.26,2.63321574272834e-018,128.243698120117
4.27,1.63358058696235e-018,138.194137573242
4.28,1.01046543152615e-018,148.711578369141
4.29,6.23230857324377e-019,159.798934936523
4.3,3.83268475809128e-019,171.457916259766
4.31,2.35019563764938e-019,183.683135986328
4.32,1.43691586308724e-019,196.468307495117
4.33,8.76003074127895e-020,209.79899597168
4.34,5.32483657593403e-020,223.660034179688
4.35,3.22740865729359e-020,238.026000976563
4.36,1.95041885986159e-020,252.870391845703
4.37,1.17530038113954e-020,268.158660888672
4.38,7.06148498520678e-021,283.852600097656
4.39,4.23048801541567e-021,299.905426025391
4.4,2.52703273238166e-021,316.266723632813
4.41,1.50514590034232e-021,332.880126953125
4.42,8.93865688065776e-022,349.683654785156
4.43,5.29314004883676e-022,366.608215332031
4.44,3.12521775265734e-022,383.583709716797
4.45,1.839902319756e-022,400.531433105469
4.46,1.0800278245074e-022,417.372009277344
4.47,6.32153812616603e-023,434.020904541016
4.48,3.68923329437781e-023,450.389801025391
4.49,2.14682847111817e-023,466.388427734375
4.5,1.24561539253459e-023,481.927886962891
4.51,7.20621439247954e-024,496.915130615234
4.52,4.15698379273536e-024,511.260345458984
4.53,2.39097370320679e-024,524.871948242188
4.54,1.37125847192203e-024,537.6611328125
4.55,7.84131684094212e-025,549.546508789063
4.56,4.4710230082166e-025,560.442687988281
4.57,2.54184936639471e-025,570.277770996094
4.58,1.44092396175345e-025,578.976318359375
4.59,8.14436392065859e-026,586.478088378906
4.6,4.59009626170051e-026,592.726440429688
4.61,2.57935498776147e-026,597.669860839844
4.62,1.44527036963706e-026,601.271423339844
4.63,8.07442585473251e-027,603.498596191406
4.64,4.49803634813561e-027,604.331420898438
4.65,2.49838180547723e-027,603.756591796875
4.66,1.38370468710592e-027,601.775268554688
4.67,7.64103942454389e-028,598.39404296875
4.68,4.20736729720891e-028,593.633117675781
4.69,2.30989730109237e-028,587.521850585938
4.7,1.26451516619424e-028,580.09765625
4.71,6.90207190120342e-029,571.407348632813
4.72,3.75650739815441e-029,561.509521484375
4.73,2.03851017928639e-029,550.467041015625
4.74,1.10303921121839e-029,538.35107421875
4.75,5.95104002103788e-030,525.239929199219
4.76,3.2013371772893e-030,511.216735839844
4.77,1.71719412112754e-030,496.371154785156
4.78,9.18398407851119e-031,480.794128417969
4.79,4.89770332527169e-031,464.582366943359
4.8,2.60421863177499e-031,447.828796386719
4.81,1.38074071910157e-031,430.633880615234
4.82,7.29911756073179e-032,413.093322753906
4.83,3.84749792311216e-032,395.305267333984
4.84,2.0221332836793e-032,377.361206054688
4.85,1.05972013261499e-032,359.354125976563
4.86,5.53726899530408e-033,341.370910644531
4.87,2.88503011156054e-033,323.496765136719
4.88,1.49874666476178e-033,305.807189941406
4.89,7.76347805325391e-034,288.378173828125
4.9,4.00965852593534e-034,271.277099609375
4.91,2.06494661546262e-034,254.564605712891
4.92,1.06031059812109e-034,238.29541015625
4.93,5.42885076360484e-035,222.519378662109
4.94,2.77143944069063e-035,207.276809692383
4.95,1.41076110775316e-035,192.604782104492
4.96,7.16018619909262e-036,178.53125
4.97,3.62364572486683e-036,165.079711914063
4.98,1.82847773188704e-036,152.266693115234
4.99,9.19992933749668e-037,140.102874755859
5,4.61531796734674e-037,128.593276977539
5.01,2.30863563265107e-037,117.739097595215
5.02,1.15148999602453e-037,107.536743164063
5.03,5.72647399730904e-038,97.9766159057617
5.04,2.8396545467984e-038,89.0475006103516
5.05,1.40399358166125e-038,80.7328262329102
5.06,6.92175860608329e-039,73.0153503417969
5.07,3.40243254539312e-039,65.8730621337891
5.08,0,59.2840766906738
5.09,0,53.2229843139648
5.1,0,47.664867401123
5.11,0,42.5824279785156
5.12,0,37.9491157531738
5.13,0,33.7371215820313
5.14,0,29.9195251464844
5.15,0,26.4691200256348
5.16,0,23.359733581543
5.17,0,20.5653343200684
5.18,0,18.0613594055176
5.19,0,15.8237075805664
5.2,0,13.8297605514526
5.21,0,12.0577964782715
5.22,0,10.4875736236572
5.23,0,9.09979057312012
5.24,0,7.87672281265259
5.25,0,6.80162191390991
5.26,0,5.85922193527222
5.27,0,5.03537702560425
5.28,0,4.31702518463135
5.29,0,3.69237947463989
5.3,0,3.15061831474304
5.31,0,2.68200922012329
5.32,0,2.27770352363586
5.33,0,1.92981791496277
5.34,0,1.63122427463531
5.35,0,1.37562298774719
5.36,0,1.15736699104309
5.37,0,0.971489608287811
5.38,0,0.813574910163879
5.39,0,0.679769337177277
5.4,0,0.56666374206543
5.41,0,0.471304088830948
5.42,0,0.391098439693451
5.43,0,0.323810338973999
5.44,0,0.267493665218353
5.45,0,0.220478057861328
5.46,0,0.181319564580917
5.47,0,0.148785784840584
5.48,0,0.121818885207176
5.49,0,0.0995213240385056
5.5,0,0.0811266750097275
5.51,0,0.0659879595041275
5.52,0,0.0535586848855019
5.53,0,0.0433764457702637
5.54,0,0.0350551456212997
5.55,0,0.0282695628702641
5.56,0,0.0227493420243263
5.57,0,0.0182682871818542
5.58,0,0.0146392825990915
5.59,0,0.0117065412923694
5.6,0,0.00934199523180723
5.61,0,0.00743955280631781
5.62,0,0.00591240543872118
5.63,0,0.0046890564262867
5.64,0,0.00371129135601223
5.65,0,0.00293140043504536
5.66,0,0.00231073657050729
5.67,0,0.00181778403930366
5.68,0,0.00142713217064738
5.69,0,0.0011181685840711
5.7,0,0.000874350138474256
5.71,0,0.000682321959175169
5.72,0,0.000531409692484885
5.73,0,0.000413044879678637
5.74,0,0.000320408056722954
5.75,0,0.000248049356741831
5.76,0,0.000191648287000135
5.77,0,0.000147777900565416
5.78,0,0.000113720503577497
5.79,0,8.733802678762e-005
5.8,0,6.69406726956367e-005
5.81,0,5.12042242917232e-005
5.82,0,3.90876521123573e-005
5.83,0,2.97780788969249e-005
5.84,0,2.26393585762708e-005
5.85,0,1.71770425367868e-005
5.86,0,1.30056960188085e-005
5.87,0,9.827146641328e-006
5.88,0,7.40989707992412e-006
5.89,0,5.57565272174543e-006
5.9,0,4.18657964473823e-006
5.91,0,3.13696727971546e-006
5.92,0,2.3454672373191e-006
5.93,0,1.74994124790828e-006
5.94,0,1.30278715460008e-006
5.95,0,9.67798087003757e-007
5.96,0,7.17362070190575e-007
5.97,0,5.30567319856345e-007
5.98,0,3.91535337485038e-007
5.99,0,2.88293875883028e-007
6,0,2.11794329629811e-007
